[
{"keyword": "iphone", "Individual Item Links": ["http://cgi.sandbox.ebay.com/Apple-iPhone-7-Plus-32GB-Rose-Gold-AT-T-Grade-/110216969901"], "Title": ["Apple iPhone 7 Plus 32GB - Rose Gold - (AT&T) - A Grade ************************"], "Price": "100.0", "Shipping": "7.99", "Make an Offer?": false, "Current Bid": ""},
{"keyword": "iphone", "Individual Item Links": ["http://cgi.sandbox.ebay.com/Apple-iPhone-5S-16GB-Space-Gray-LTE-Cellular-Verizon-ME341LL-A-/110198761377"], "Title": ["Apple iPhone 5S 16GB Space Gray LTE Cellular Verizon ME341LL/A"], "Price": "274.75", "Shipping": "0.0", "Make an Offer?": false, "Current Bid": ""},
{"keyword": "iphone", "Individual Item Links": ["http://cgi.sandbox.ebay.com/Apple-iPhone-5S-16GB-Silver-LTE-Cellular-Verizon-ME342LL-A-/110198623840"], "Title": ["Apple iPhone 5S 16GB Silver LTE Cellular Verizon ME342LL/A"], "Price": "138.85", "Shipping": "0.0", "Make an Offer?": false, "Current Bid": ""},
{"keyword": "iphone", "Individual Item Links": ["http://cgi.sandbox.ebay.com/Straight-Talk-Prepaid-Apple-iPhone-5S-16GB-CDMA-Smartphone-/110215115216"], "Title": ["Straight Talk Prepaid Apple iPhone 5S 16GB CDMA Smartphone"], "Price": "112.75", "Shipping": "0.0", "Make an Offer?": false, "Current Bid": ""},
{"keyword": "iphone", "Individual Item Links": ["http://cgi.sandbox.ebay.com/Apple-iPhone-6-64GB-Space-Gray-LTE-Cellular-AT-T-MG4W2LL-A-/110205982787"], "Title": ["Apple iPhone 6 64GB Space Gray LTE Cellular AT&T MG4W2LL/A"], "Price": "271.66", "Shipping": "0.0", "Make an Offer?": false, "Current Bid": ""},
{"keyword": "iphone", "Individual Item Links": ["http://cgi.sandbox.ebay.com/Apple-iPhone-6-16GB-Gold-LTE-Cellular-Verizon-MG5Y2LL-A-/110205982814"], "Title": ["Apple iPhone 6 16GB Gold LTE Cellular Verizon MG5Y2LL/A"], "Price": "279.6", "Shipping": "0.0", "Make an Offer?": false, "Current Bid": ""},
{"keyword": "iphone", "Individual Item Links": ["http://cgi.sandbox.ebay.com/Apple-iPhone-6-Plus-16GB-Silver-LTE-Cellular-Sprint-MGCW2LL-A-/110211149452"], "Title": ["Apple iPhone 6 Plus 16GB Silver LTE Cellular Sprint MGCW2LL/A"], "Price": "271.66", "Shipping": "0.0", "Make an Offer?": false, "Current Bid": ""},
{"keyword": "iphone", "Individual Item Links": ["http://cgi.sandbox.ebay.com/Apple-iPhone-6S-16GB-Space-Gray-LTE-Cellular-AT-T-MKQ52LL-A-/110240551962"], "Title": ["Apple iPhone 6S 16GB Space Gray LTE Cellular AT&T MKQ52LL/A"], "Price": "244.5", "Shipping": "0.0", "Make an Offer?": false, "Current Bid": ""},
{"keyword": "iphone", "Individual Item Links": ["http://cgi.sandbox.ebay.com/Apple-iPhone-5S-16GB-Space-Gray-LTE-Cellular-Verizon-ME341LL-A-/110241566114"], "Title": ["Apple iPhone 5S 16GB Space Gray LTE Cellular Verizon ME341LL/A"], "Price": "254.58", "Shipping": "0.0", "Make an Offer?": false, "Current Bid": ""},
{"keyword": "iphone", "Individual Item Links": ["http://cgi.sandbox.ebay.com/Apple-iPhone-6S-16GB-Space-Gray-LTE-Cellular-TracFone-MKQ52LL-A-/110241616399"], "Title": ["Apple iPhone 6S 16GB Space Gray LTE Cellular TracFone MKQ52LL/A"], "Price": "219.64", "Shipping": "0.0", "Make an Offer?": false, "Current Bid": ""},
{"keyword": "iphone", "Individual Item Links": ["http://cgi.sandbox.ebay.com/Apple-iPhone-5S-16GB-Space-Gray-LTE-Cellular-Verizon-ME341LL-A-/110198624573"], "Title": ["Apple iPhone 5S 16GB Space Gray LTE Cellular Verizon ME341LL/A"], "Price": "186.32", "Shipping": "0.0", "Make an Offer?": false, "Current Bid": ""},
{"keyword": "iphone", "Individual Item Links": ["http://cgi.sandbox.ebay.com/Apple-iPhone-5S-16GB-Gold-LTE-Cellular-Sprint-ME352LL-A-/110211173277"], "Title": ["Apple iPhone 5S 16GB Gold LTE Cellular Sprint ME352LL/A"], "Price": "260.92", "Shipping": "0.0", "Make an Offer?": false, "Current Bid": ""},
{"keyword": "iphone", "Individual Item Links": ["http://cgi.sandbox.ebay.com/Apple-iPhone-5-16GB-Black-LTE-Cellular-AT-T-MD650LL-A-/110205983952"], "Title": ["Apple iPhone 5 16GB Black LTE Cellular AT&T MD650LL/A"], "Price": "165.58", "Shipping": "0.0", "Make an Offer?": false, "Current Bid": ""},
{"keyword": "iphone", "Individual Item Links": ["http://cgi.sandbox.ebay.com/Apple-iPhone-SE-16GB-Silver-LTE-Cellular-Sprint-MLM32LL-A-/110211149729"], "Title": ["Apple iPhone SE 16GB Silver LTE Cellular Sprint MLM32LL/A"], "Price": "179.2", "Shipping": "0.0", "Make an Offer?": false, "Current Bid": ""},
{"keyword": "iphone", "Individual Item Links": ["http://cgi.sandbox.ebay.com/Apple-iPhone-6-Plus-16GB-Space-Gray-LTE-Cellular-MGA82LL-A-/110215070098"], "Title": ["Apple iPhone 6 Plus 16GB Space Gray LTE Cellular MGA82LL/A"], "Price": "271.66", "Shipping": "0.0", "Make an Offer?": false, "Current Bid": ""},
{"keyword": "iphone", "Individual Item Links": ["http://cgi.sandbox.ebay.com/Apple-iPhone-5S-64GB-Black-Verizon-AT-T-T-Mobile-Unlocked-GSM-7307239-/110201103721"], "Title": ["Apple iPhone 5S 64GB Black - Verizon AT&T T-Mobile Unlocked GSM 7307239"], "Price": "214.0", "Shipping": "0.0", "Make an Offer?": false, "Current Bid": ""},
{"keyword": "iphone", "Individual Item Links": ["http://cgi.sandbox.ebay.com/Apple-iPhone-5S-16GB-Space-Gray-LTE-Cellular-T-Mobile-ME323LL-A-/110198761195"], "Title": ["Apple iPhone 5S 16GB Space Gray LTE Cellular T-Mobile ME323LL/A"], "Price": "199.2", "Shipping": "0.0", "Make an Offer?": false, "Current Bid": ""},
{"keyword": "iphone", "Individual Item Links": ["http://cgi.sandbox.ebay.com/Apple-iPhone-6S-16GB-Rose-Gold-LTE-Cellular-AT-T-3A511LL-A-/110211273840"], "Title": ["Apple iPhone 6S 16GB Rose Gold LTE Cellular AT&T 3A511LL/A"], "Price": "273.52", "Shipping": "0.0", "Make an Offer?": false, "Current Bid": ""},
{"keyword": "iphone", "Individual Item Links": ["http://cgi.sandbox.ebay.com/Apple-iPhone-5S-16GB-Silver-LTE-Cellular-T-Mobile-ME324LL-A-/110198761206"], "Title": ["Apple iPhone 5S 16GB Silver LTE Cellular T-Mobile ME324LL/A"], "Price": "169.32", "Shipping": "0.0", "Make an Offer?": false, "Current Bid": ""},
{"keyword": "iphone", "Individual Item Links": ["http://cgi.sandbox.ebay.com/Apple-iPhone-5S-16GB-Silver-LTE-Cellular-AT-T-ME306LL-A-/110205978960"], "Title": ["Apple iPhone 5S 16GB Silver LTE Cellular AT&T ME306LL/A"], "Price": "203.66", "Shipping": "0.0", "Make an Offer?": false, "Current Bid": ""},
{"keyword": "iphone", "Individual Item Links": ["http://cgi.sandbox.ebay.com/Apple-iPhone-5S-16GB-Silver-LTE-Cellular-AT-T-ME372LL-A-/110205979424"], "Title": ["Apple iPhone 5S 16GB Silver LTE Cellular AT&T ME372LL/A"], "Price": "182.58", "Shipping": "0.0", "Make an Offer?": false, "Current Bid": ""},
{"keyword": "iphone", "Individual Item Links": ["http://cgi.sandbox.ebay.com/Apple-iPhone-6-16GB-Space-Gray-LTE-Cellular-T-Mobile-MG542LL-A-/110198761673"], "Title": ["Apple iPhone 6 16GB Space Gray LTE Cellular T-Mobile MG542LL/A"], "Price": "299.0", "Shipping": "0.0", "Make an Offer?": false, "Current Bid": ""},
{"keyword": "iphone", "Individual Item Links": ["http://cgi.sandbox.ebay.com/Apple-iPhone-6S-Plus-16GB-Space-Gray-LTE-Cellular-AT-T-MKW52LL-A-/110211271223"], "Title": ["Apple iPhone 6S Plus 16GB Space Gray LTE Cellular AT&T MKW52LL/A"], "Price": "312.01", "Shipping": "0.0", "Make an Offer?": false, "Current Bid": ""},
{"keyword": "iphone", "Individual Item Links": ["http://cgi.sandbox.ebay.com/Apple-iPhone-6S-16GB-Rose-Gold-LTE-Cellular-AT-T-MKRF2LL-A-/110211275634"], "Title": ["Apple iPhone 6S 16GB Rose Gold LTE Cellular AT&T MKRF2LL/A"], "Price": "300.1", "Shipping": "0.0", "Make an Offer?": false, "Current Bid": ""},
{"keyword": "iphone", "Individual Item Links": ["http://cgi.sandbox.ebay.com/Apple-iPhone-6-Plus-16GB-Space-Gray-Unlocked-Grade-/110217161845"], "Title": ["Apple iPhone 6 Plus 16GB - Space Gray - (Unlocked) - A Grade *******************"], "Price": "250.0", "Shipping": "7.99", "Make an Offer?": false, "Current Bid": ""},
{"keyword": "iphone", "Individual Item Links": ["http://cgi.sandbox.ebay.com/Certified-Refurbished-Apple-iPhone-5S-32GB-GSM-Smartphone-Unlocked-Gold-/110218133794"], "Title": ["Certified Refurbished Apple iPhone 5S 32GB GSM Smartphone (Unlocked), Gold"], "Price": "184.18", "Shipping": "10.0", "Make an Offer?": false, "Current Bid": ""},
{"keyword": "iphone", "Individual Item Links": ["http://cgi.sandbox.ebay.com/Apple-iPhone-6-16GB-Space-Gray-LTE-Cellular-T-Mobile-MG542LL-A-/110198623949"], "Title": ["Apple iPhone 6 16GB Space Gray LTE Cellular T-Mobile MG542LL/A"], "Price": "249.08", "Shipping": "0.0", "Make an Offer?": false, "Current Bid": ""},
{"keyword": "iphone", "Individual Item Links": ["http://cgi.sandbox.ebay.com/Apple-iPhone-6S-Plus-128GB-AT-T-/110215317001"], "Title": ["Apple iPhone 6S Plus 128GB AT&T"], "Price": "234.0", "Shipping": "0.0", "Make an Offer?": false, "Current Bid": ""},
{"keyword": "samsung", "Individual Item Links": ["http://cgi.sandbox.ebay.com/Samsung-TWSAS906CPWP-Total-Wireless-Samsung-Galaxy-S6-4G-LTE-Smartphone-Blue-/110211124723"], "Title": ["Samsung TWSAS906CPWP Total Wireless Samsung Galaxy S6 4G LTE  Smartphone-Blue"], "Price": "162.18", "Shipping": "0.0", "Make an Offer?": false, "Current Bid": ""},
{"keyword": "samsung", "Individual Item Links": ["http://cgi.sandbox.ebay.com/Samsung-SM-G900AZKAATT-Galaxy-S5-6234A-AT-T-Smartphone-5-1-Screen-/110198761414"], "Title": ["Samsung SM-G900AZKAATT Galaxy S5 6234A AT&T Smartphone - 5.1\" Screen"], "Price": "124.11", "Shipping": "0.0", "Make an Offer?": false, "Current Bid": ""},
{"keyword": "samsung", "Individual Item Links": ["http://cgi.sandbox.ebay.com/Samsung-S906L-Galaxy-S6-Straight-Talk-32GB-LTE-Smartphone-Blue-/110211256305"], "Title": ["Samsung S906L Galaxy S6 Straight Talk  32GB LTE Smartphone-Blue"], "Price": "165.68", "Shipping": "0.0", "Make an Offer?": false, "Current Bid": ""},
{"keyword": "samsung", "Individual Item Links": ["http://cgi.sandbox.ebay.com/USA-Samsung-Grand-Prime-SM-G530H-8GB-8MP-3G-Dual-Sim-T-Mobile-smartphone-Gold-/110222378357"], "Title": ["USA ! Samsung Grand Prime SM-G530H 8GB 8MP 3G Dual Sim  T-Mobile smartphone Gold"], "Price": "112.99", "Shipping": "0.0", "Make an Offer?": false, "Current Bid": ""},
{"keyword": "samsung", "Individual Item Links": ["http://cgi.sandbox.ebay.com/Samsung-Galaxy-J2-J200M-8GB-Factory-Unlocked-Phone-Retail-Packaging-Black-/110187915029"], "Title": ["Samsung Galaxy J2 J200M 8GB - Factory Unlocked Phone - Retail Packaging - Black"], "Price": "161.94", "Shipping": "0.0", "Make an Offer?": false, "Current Bid": ""},
{"keyword": "samsung", "Individual Item Links": ["http://cgi.sandbox.ebay.com/Samsung-S975G-Galaxy-S4-LTE-Cellular-16GB-Blue-Prepaid-Smartphone-Straight-Talk-/110198760534"], "Title": ["Samsung S975G Galaxy S4 LTE Cellular 16GB Blue Prepaid Smartphone Straight Talk"], "Price": "129.5", "Shipping": "0.0", "Make an Offer?": false, "Current Bid": ""},
{"keyword": "samsung", "Individual Item Links": ["http://cgi.sandbox.ebay.com/Samsung-GT-9100-Galaxy-S-II-GSM-Smart-Phone-16-GB-HDD-8-MP-/110198623213"], "Title": ["Samsung GT-9100 Galaxy S II GSM Smart Phone (16 GB HDD  8 MP) -"], "Price": "124.5", "Shipping": "0.0", "Make an Offer?": false, "Current Bid": ""},
{"keyword": "samsung", "Individual Item Links": ["http://cgi.sandbox.ebay.com/Samsung-SM-S907VL-GP-Straight-Talk-Prepaid-Galaxy-S6-LTE-Smartphone-/110215098769"], "Title": ["Samsung SM-S907VL(GP)  Straight Talk Prepaid Galaxy S6 LTE Smartphone"], "Price": "147.51", "Shipping": "0.0", "Make an Offer?": false, "Current Bid": ""},
{"keyword": "samsung", "Individual Item Links": ["http://cgi.sandbox.ebay.com/Samsung-Galaxy-S5-White-SM-G900A-4G-LTE-16GB-Android-Smartphone-Unlocked-/110186237299"], "Title": ["Samsung Galaxy S5 White SM-G900A 4G LTE 16GB Android Smartphone Unlocked"], "Price": "88.0", "Shipping": "0.0", "Make an Offer?": false, "Current Bid": ""},
{"keyword": "samsung", "Individual Item Links": ["http://cgi.sandbox.ebay.com/Samsung-SM-S902L-S5-Galaxy-LTE-Prepaid-Smartphone-Straight-Talk-/110198624543"], "Title": ["Samsung SM-S902L S5 Galaxy LTE Prepaid Smartphone Straight Talk"], "Price": "149.5", "Shipping": "0.0", "Make an Offer?": false, "Current Bid": ""},
{"keyword": "samsung", "Individual Item Links": ["http://cgi.sandbox.ebay.com/USA-Samsung-Galaxy-Grand-GT-I9082-4GB-8MP-Android-Smartphone-White-unlocked-/110218746583"], "Title": ["USA !  Samsung Galaxy Grand GT-I9082 - 4GB 8MP Android Smartphone White unlocked"], "Price": "99.99", "Shipping": "0.0", "Make an Offer?": false, "Current Bid": ""},
{"keyword": "samsung", "Individual Item Links": ["http://cgi.sandbox.ebay.com/Samsung-6358A-Galaxy-S7-Edge-AT-T-32GB-Silver-/110215130329"], "Title": ["Samsung 6358A Galaxy S7 Edge for AT&T - 32GB - Silver"], "Price": "318.4", "Shipping": "0.0", "Make an Offer?": false, "Current Bid": ""},
{"keyword": "samsung", "Individual Item Links": ["http://cgi.sandbox.ebay.com/Total-Wireless-Samsung-Galaxy-S5-4G-LTE-Prepaid-Smartphone-/110215100479"], "Title": ["Total Wireless Samsung Galaxy S5 4G LTE Prepaid Smartphone"], "Price": "119.4", "Shipping": "0.0", "Make an Offer?": false, "Current Bid": ""},
{"keyword": "samsung", "Individual Item Links": ["http://cgi.sandbox.ebay.com/Samsung-G900-Galaxy-S5-Virgin-Mobile-Data-Done-Right-Prepaid-Smartphone-White-/110215128745"], "Title": ["Samsung G900 Galaxy S5 Virgin Mobile Data Done Right Prepaid Smartphone, White"], "Price": "214.53", "Shipping": "0.0", "Make an Offer?": false, "Current Bid": ""},
{"keyword": "samsung", "Individual Item Links": ["http://cgi.sandbox.ebay.com/Samsung-SGH-T989-Gray-T-Mobile-Galaxy-S-II-16GB-Smartphone-TMOBILE-/110211279945"], "Title": ["Samsung SGH-T989 Gray T-Mobile Galaxy S II 16GB Smartphone - TMOBILE"], "Price": "99.95", "Shipping": "0.0", "Make an Offer?": false, "Current Bid": ""},
{"keyword": "samsung", "Individual Item Links": ["http://cgi.sandbox.ebay.com/Samsung-SM-G920V-Galaxy-S6-4G-LTE-32GB-Black-Verizon-/110198624044"], "Title": ["Samsung SM-G920V Galaxy S6 4G LTE with 32GB Black Verizon"], "Price": "302.0", "Shipping": "0.0", "Make an Offer?": false, "Current Bid": ""},
{"keyword": "samsung", "Individual Item Links": ["http://cgi.sandbox.ebay.com/Samsung-SGH-I747-Galaxy-S-III-Marble-White-16GB-Smartphone-AT-T-/110211481919"], "Title": ["Samsung SGH-I747  Galaxy S III Marble White 16GB Smartphone (AT&T)"], "Price": "204.0", "Shipping": "0.0", "Make an Offer?": false, "Current Bid": ""},
{"keyword": "samsung", "Individual Item Links": ["http://cgi.sandbox.ebay.com/Samsung-STSAS903VCPWP-Galaxy-S5-Straight-Talk-4G-LTE-Prepaid-Smartphone-/110215114962"], "Title": ["Samsung STSAS903VCPWP Galaxy S5 Straight Talk 4G LTE Prepaid Smartphone"], "Price": "99.5", "Shipping": "0.0", "Make an Offer?": false, "Current Bid": ""},
{"keyword": "samsung", "Individual Item Links": ["http://cgi.sandbox.ebay.com/Samsung-SM-G920AZWAATT-Galaxy-S6-32GB-White-Pearl-LTE-Cellular-AT-T-/110198760452"], "Title": ["Samsung SM-G920AZWAATT Galaxy S6 32GB White Pearl LTE Cellular AT&T"], "Price": "300.45", "Shipping": "0.0", "Make an Offer?": false, "Current Bid": ""},
{"keyword": "samsung", "Individual Item Links": ["http://cgi.sandbox.ebay.com/Samsung-SGH-M919-Galaxy-S4-4G-LTE-White-Frost-T-Mobile-/110198622888"], "Title": ["Samsung SGH-M919 Galaxy S4 4G LTE White Frost T-Mobile"], "Price": "84.66", "Shipping": "0.0", "Make an Offer?": false, "Current Bid": ""},
{"keyword": "samsung", "Individual Item Links": ["http://cgi.sandbox.ebay.com/Samsung-SPH-L710-Galaxy-S-3-16GB-4G-LTE-Amethyst-Purple-Sprint-/110211472304"], "Title": ["Samsung SPH-L710 Galaxy S 3 16GB 4G LTE Amethyst Purple Sprint"], "Price": "87.13", "Shipping": "0.0", "Make an Offer?": false, "Current Bid": ""},
{"keyword": "samsung", "Individual Item Links": ["http://cgi.sandbox.ebay.com/Samsung-Galaxy-S-5-SM-G900VZWV-16GB-Verizon-White-/110198761723"], "Title": ["Samsung Galaxy S 5 SM-G900VZWV 16GB  Verizon-White"], "Price": "274.35", "Shipping": "0.0", "Make an Offer?": false, "Current Bid": ""},
{"keyword": "samsung", "Individual Item Links": ["http://cgi.sandbox.ebay.com/Samsung-Galaxy-S6-32GB-AT-T-Acceptable-Condition-/110198761324"], "Title": ["Samsung Galaxy S6 32GB (AT&T) - Acceptable Condition"], "Price": "99.99", "Shipping": "0.0", "Make an Offer?": false, "Current Bid": ""},
{"keyword": "samsung", "Individual Item Links": ["http://cgi.sandbox.ebay.com/Samsung-SGH-I337ZKAATT-Galaxy-S4-AT-T-Android-OS-16GB-Smartphone-/110211409604"], "Title": ["Samsung SGH-I337ZKAATT Galaxy S4 AT&T Android OS 16GB Smartphone"], "Price": "254.58", "Shipping": "0.0", "Make an Offer?": false, "Current Bid": ""},
{"keyword": "samsung", "Individual Item Links": ["http://cgi.sandbox.ebay.com/Unlocked-Samsung-Galaxy-S-Duos-S7562-GSM-Black-White-Touchscreen-Phone-T-mobile-/110221662598?var=0"], "Title": ["Unlocked Samsung Galaxy S Duos S7562 GSM Black &White Touchscreen Phone T-mobile"], "Price": "69.99", "Shipping": "0.0", "Make an Offer?": false, "Current Bid": ""},
{"keyword": "samsung", "Individual Item Links": ["http://cgi.sandbox.ebay.com/Samsung-Galaxy-Stellar-SCH-i200-4GB-Black-Verizon-Smartphone-/110198623315"], "Title": ["Samsung Galaxy Stellar SCH-i200 - 4GB - Black (Verizon) Smartphone"], "Price": "218.2", "Shipping": "0.0", "Make an Offer?": false, "Current Bid": ""},
{"keyword": "samsung", "Individual Item Links": ["http://cgi.sandbox.ebay.com/Samsung-Galaxy-S4-6060A-AT-T-Android-OS-16GB-Smartphone-/110198761084"], "Title": ["Samsung Galaxy S4 6060A  AT&T  Android OS  16GB Smartphone"], "Price": "299.5", "Shipping": "0.0", "Make an Offer?": false, "Current Bid": ""},
{"keyword": "samsung", "Individual Item Links": ["http://cgi.sandbox.ebay.com/Samsung-VZW-SCHI545KPP-Galaxy-S4-Verizon-Prepaid-Smartphone-16GB-/110198760479"], "Title": ["Samsung VZW-SCHI545KPP Galaxy S4 Verizon Prepaid Smartphone 16GB"], "Price": "99.5", "Shipping": "0.0", "Make an Offer?": false, "Current Bid": ""},
{"keyword": "samsung", "Individual Item Links": ["http://cgi.sandbox.ebay.com/Samsung-SM-G920P-Galaxy-S6-32GB-Memory-Cell-Phone-Black-Sprint-/110211130026"], "Title": ["Samsung SM-G920P Galaxy S6 with 32GB Memory Cell Phone - Black Sprint"], "Price": "187.0", "Shipping": "0.0", "Make an Offer?": false, "Current Bid": ""},
{"keyword": "samsung", "Individual Item Links": ["http://cgi.sandbox.ebay.com/Samsung-SM-G920A32GB-Galaxy-S6-Black-Sapphire-32GB-AT-T-/110198760477"], "Title": ["Samsung SM-G920A32GB Galaxy S6 Black Sapphire 32GB AT&T"], "Price": "244.11", "Shipping": "0.0", "Make an Offer?": false, "Current Bid": ""},
{"keyword": "samsung", "Individual Item Links": ["http://cgi.sandbox.ebay.com/Samsung-SM-N920A-Galaxy-Note-5-Black-32GB-AT-T-/110211409352"], "Title": ["Samsung SM-N920A Galaxy Note 5, Black  32GB (AT&T)"], "Price": "252.28", "Shipping": "0.0", "Make an Offer?": false, "Current Bid": ""},
{"keyword": "samsung", "Individual Item Links": ["http://cgi.sandbox.ebay.com/USA-Samsung-Galaxy-GT-S7562-4GB-5MP-768MB-White-Smartphone-T-mobile-unlocked-/110218721634"], "Title": ["USA! Samsung Galaxy GT-S7562 4GB  5MP 768MB  White Smartphone T-mobile unlocked "], "Price": "72.0", "Shipping": "0.0", "Make an Offer?": false, "Current Bid": ""},
{"keyword": "samsung", "Individual Item Links": ["http://cgi.sandbox.ebay.com/Samsung-GSRF-6354A-GALAXY-S7-4G-LTE-32GB-Memory-Platinum-gold-AT-T-/110215129731"], "Title": ["Samsung GSRF-6354A GALAXY S7 4G LTE with 32GB Memory - Platinum gold (AT&T)"], "Price": "294.18", "Shipping": "0.0", "Make an Offer?": false, "Current Bid": ""},
{"keyword": "samsung", "Individual Item Links": ["http://cgi.sandbox.ebay.com/Samsung-SM-S902L-S5-Galaxy-LTE-Prepaid-Smartphone-Straight-Talk-/110198761307"], "Title": ["Samsung SM-S902L S5 Galaxy LTE Prepaid Smartphone Straight Talk"], "Price": "123.83", "Shipping": "0.0", "Make an Offer?": false, "Current Bid": ""},
{"keyword": "samsung", "Individual Item Links": ["http://cgi.sandbox.ebay.com/Samsung-Galaxy-S5-SM-G900R4-16GB-Copper-Gold-U-S-Cellular-Smartphone-/110192596584"], "Title": ["Samsung Galaxy S5 SM-G900R4 - 16GB - Copper Gold (U.S. Cellular) Smartphone"], "Price": "299.9", "Shipping": "2.0", "Make an Offer?": false, "Current Bid": ""},
{"keyword": "samsung", "Individual Item Links": ["http://cgi.sandbox.ebay.com/Samsung-GS5-Galaxy-S5-Smartphone-16GB-ROM-2GB-M-4G-LTE-2-5GHz-T-Mobile-/110198761066"], "Title": ["Samsung GS5 Galaxy S5 Smartphone 16GB ROM/2GB M 4G LTE 2.5GHz T - Mobile"], "Price": "185.3", "Shipping": "0.0", "Make an Offer?": false, "Current Bid": ""},
{"keyword": "samsung", "Individual Item Links": ["http://cgi.sandbox.ebay.com/Samsung-SGH-I337ZKAATT-Galaxy-S4-Black-Mist-16GB-3G-4G-1-9-GHz-touchscreen-/110211409571"], "Title": ["Samsung SGH-I337ZKAATT Galaxy S4, Black Mist 16GB 3G/4G  1.9 GHz touchscreen"], "Price": "206.18", "Shipping": "0.0", "Make an Offer?": false, "Current Bid": ""},
{"keyword": "samsung", "Individual Item Links": ["http://cgi.sandbox.ebay.com/Samsung-SM-G930A-Galaxy-S7-32GB-Black-Onyx-AT-T-Samsung1-00-lbs8-x-2-3-x-5-/110215135511"], "Title": ["Samsung SM-G930A Galaxy S7 32GB - Black Onyx (AT&T)Samsung1.00 lbs8 x 2.3 x 5"], "Price": "290.94", "Shipping": "0.0", "Make an Offer?": false, "Current Bid": ""},
{"keyword": "samsung", "Individual Item Links": ["http://cgi.sandbox.ebay.com/Samsung-Galaxy-Grand-Prime-8GB-Black-Prepaid-Smartphone-T-Mobile-/110198624551"], "Title": ["Samsung Galaxy Grand Prime 8GB Black Prepaid Smartphone T-Mobile"], "Price": "75.21", "Shipping": "0.0", "Make an Offer?": false, "Current Bid": ""},
{"keyword": "samsung", "Individual Item Links": ["http://cgi.sandbox.ebay.com/Samsung-SM-G930A-Galaxy-S7-32GB-Black-Onyx-AT-T-/110215129909"], "Title": ["Samsung SM-G930A Galaxy S7 32GB - Black Onyx (AT&T)"], "Price": "349.6", "Shipping": "0.0", "Make an Offer?": false, "Current Bid": ""},
{"keyword": "samsung", "Individual Item Links": ["http://cgi.sandbox.ebay.com/Samsung-Galaxy-Stellar-SCH-i200-4GB-Black-Verizon-Smartphone-/110198624427"], "Title": ["Samsung Galaxy Stellar SCH-i200 - 4GB - Black (Verizon) Smartphone"], "Price": "187.51", "Shipping": "0.0", "Make an Offer?": false, "Current Bid": ""},
{"keyword": "samsung", "Individual Item Links": ["http://cgi.sandbox.ebay.com/Samsung-SM-G550T-BLK-Mobile-Samsung-Galaxy-ON5-Smartphone-/110198761716"], "Title": ["Samsung SM-G550T-BLK Mobile Samsung Galaxy ON5 Smartphone"], "Price": "79.91", "Shipping": "0.0", "Make an Offer?": false, "Current Bid": ""},
{"keyword": "samsung", "Individual Item Links": ["http://cgi.sandbox.ebay.com/USA-Samsung-Galaxy-Xcover-2-GT-S7710-Waterproof-Smartphone-5MP-4-T-Mobile-Grey-/110218942149"], "Title": ["USA! Samsung Galaxy Xcover 2 GT-S7710 Waterproof Smartphone 5MP 4\" T-Mobile Grey"], "Price": "81.99", "Shipping": "0.0", "Make an Offer?": false, "Current Bid": ""},
{"keyword": "samsung", "Individual Item Links": ["http://cgi.sandbox.ebay.com/Samsung-Galaxy-S4-SGH-I337ZWAATT-16GB-Smartphone-White-Frost-AT-T-/110198623107"], "Title": ["Samsung Galaxy S4 SGH-I337ZWAATT 16GB Smartphone White Frost (AT&T)"], "Price": "342.5", "Shipping": "0.0", "Make an Offer?": false, "Current Bid": ""},
{"keyword": "samsung", "Individual Item Links": ["http://cgi.sandbox.ebay.com/Samsung-Galaxy-S6-Active-4G-32GB-Memory-Cell-Phone-Camo-White-AT-T-/110215128645"], "Title": ["Samsung Galaxy S6 Active 4G with 32GB Memory Cell Phone - Camo White (AT&T) ...."], "Price": "350.78", "Shipping": "0.0", "Make an Offer?": false, "Current Bid": ""},
{"keyword": "samsung", "Individual Item Links": ["http://cgi.sandbox.ebay.com/Samsung-S120VL-Straight-Talk-Galaxy-Luna-4G-LTE-8GB-Quad-Core-/110241275304"], "Title": ["Samsung  S120VL  Straight Talk Galaxy Luna 4G LTE 8GB Quad Core"], "Price": "43.45", "Shipping": "0.0", "Make an Offer?": false, "Current Bid": ""},
{"keyword": "samsung", "Individual Item Links": ["http://cgi.sandbox.ebay.com/Samsung-S120VL-Straight-Talk-Galaxy-Luna-4G-LTE-8GB-Quad-Core-/110215114920"], "Title": ["Samsung  S120VL  Straight Talk Galaxy Luna 4G LTE 8GB Quad Core"], "Price": "57.92", "Shipping": "0.0", "Make an Offer?": false, "Current Bid": ""},
{"keyword": "samsung", "Individual Item Links": ["http://cgi.sandbox.ebay.com/Samsung-Galaxy-Note-3-N900A-Unlocked-Cellphone-32GB-Black-/110188148538"], "Title": ["Samsung Galaxy Note 3 N900A Unlocked Cellphone, 32GB, Black"], "Price": "368.34", "Shipping": "0.0", "Make an Offer?": false, "Current Bid": ""},
{"keyword": "samsung", "Individual Item Links": ["http://cgi.sandbox.ebay.com/Samsung-SPH-L710-Galaxy-S-3-16GB-4G-LTE-Amethyst-Purple-Sprint-/110198622711"], "Title": ["Samsung SPH-L710 Galaxy S 3 16GB 4G LTE Amethyst Purple Sprint"], "Price": "59.6", "Shipping": "0.0", "Make an Offer?": false, "Current Bid": ""},
{"keyword": "samsung", "Individual Item Links": ["http://cgi.sandbox.ebay.com/Samsung-SM-J120A-Galaxy-Express-3-4G-LTE-4-5-AT-T-Go-Phone-/110215089370"], "Title": ["Samsung SM-J120A Galaxy Express 3 4G LTE  4.5\" AT&T Go Phone"], "Price": "55.85", "Shipping": "0.0", "Make an Offer?": false, "Current Bid": ""},
{"keyword": "samsung", "Individual Item Links": ["http://cgi.sandbox.ebay.com/Samsung-SCH-S968C-Galaxy-S3-16GB-White-Prepaid-Smartphone-Straight-Talk-/110198760569"], "Title": ["Samsung SCH-S968C Galaxy S3 16GB White Prepaid Smartphone Straight Talk"], "Price": "84.66", "Shipping": "0.0", "Make an Offer?": false, "Current Bid": ""},
{"keyword": "samsung", "Individual Item Links": ["http://cgi.sandbox.ebay.com/Samsung-STSAS975GP4P-Galaxy-S4-S975G-16GB-Black-Prepaid-phone-Straight-Talk-/110211475991"], "Title": ["Samsung STSAS975GP4P Galaxy S4 (S975G) 16GB Black Prepaid phone  Straight Talk"], "Price": "122.45", "Shipping": "0.0", "Make an Offer?": false, "Current Bid": ""},
{"keyword": "samsung", "Individual Item Links": ["http://cgi.sandbox.ebay.com/Samsung-SPH-L710-Marble-White-Sprint-16GB-Galaxy-S-III-Smartphone-/110211482050"], "Title": ["Samsung SPH-L710 Marble White Sprint 16GB Galaxy S III Smartphone"], "Price": "204.0", "Shipping": "0.0", "Make an Offer?": false, "Current Bid": ""},
{"keyword": "samsung", "Individual Item Links": ["http://cgi.sandbox.ebay.com/Samsung-TFSAS320VCP-Galaxy-J3-Sky-4G-LTE-Prepaid-TracFone-Smartphone-/110215114833"], "Title": ["Samsung TFSAS320VCP Galaxy J3 Sky 4G LTE Prepaid TracFone Smartphone"], "Price": "109.05", "Shipping": "0.0", "Make an Offer?": false, "Current Bid": ""},
{"keyword": "samsung", "Individual Item Links": ["http://cgi.sandbox.ebay.com/Samsung-SPH-M950-Galaxy-Reverb-4-GB-Black-Virgin-Mobile-Smartphone-/110232051098"], "Title": ["Samsung SPH-M950 Galaxy Reverb 4 GB Black (Virgin Mobile) Smartphone"], "Price": "37.65", "Shipping": "0.0", "Make an Offer?": false, "Current Bid": ""},
{"keyword": "samsung", "Individual Item Links": ["http://cgi.sandbox.ebay.com/Samsung-SPH-M950-Galaxy-Reverb-4-GB-Black-Virgin-Mobile-Smartphone-/110232052069"], "Title": ["Samsung SPH-M950 Galaxy Reverb 4 GB Black (Virgin Mobile) Smartphone"], "Price": "37.65", "Shipping": "0.0", "Make an Offer?": false, "Current Bid": ""},
{"keyword": "samsung", "Individual Item Links": ["http://cgi.sandbox.ebay.com/Samsung-SPH-G900BKS-Galaxy-S5-16-GB-HDD-Black-Sprint-/110215124486"], "Title": ["Samsung SPH-G900BKS Galaxy S5 (16 GB HDD)  Black (Sprint)"], "Price": "467.4", "Shipping": "0.0", "Make an Offer?": false, "Current Bid": ""},
{"keyword": "samsung", "Individual Item Links": ["http://cgi.sandbox.ebay.com/New-Samsung-Galaxy-S6-Edge-Plus-G928A-32GB-GSM-Unlocked-4G-LTE-Smartphone-Bonus-/110188886201"], "Title": ["New Samsung Galaxy S6 Edge Plus G928A 32GB GSM Unlocked 4G LTE Smartphone +Bonus"], "Price": "2000.0", "Shipping": "200.0", "Make an Offer?": false, "Current Bid": ""},
{"keyword": "samsung", "Individual Item Links": ["http://cgi.sandbox.ebay.com/Samsung-S120VL-Galaxy-Luna-J1-Straight-Talk-4G-LTE-8GB-Prepaid-Android-S-Phone-/110215114875"], "Title": ["Samsung S120VL Galaxy Luna J1 Straight Talk 4G LTE 8GB Prepaid Android S/Phone"], "Price": "54.35", "Shipping": "0.0", "Make an Offer?": false, "Current Bid": ""},
{"keyword": "samsung", "Individual Item Links": ["http://cgi.sandbox.ebay.com/Samsung-Galaxy-S6-Active-Gray-32GB-AT-T-/110189499993"], "Title": ["Samsung Galaxy S6 Active, Gray 32GB (AT&T)"], "Price": "1042.46", "Shipping": "0.0", "Make an Offer?": false, "Current Bid": ""},
{"keyword": "samsung", "Individual Item Links": ["http://cgi.sandbox.ebay.com/Samsung-SCH-i545-Galaxy-S4-4G-LTE-White-16GB-Verizon-Smartphone-/110190338848"], "Title": ["Samsung SCH-i545 Galaxy S4 4G LTE White 16GB Verizon Smartphone"], "Price": "603.09", "Shipping": "0.0", "Make an Offer?": false, "Current Bid": ""},
{"keyword": "samsung", "Individual Item Links": ["http://cgi.sandbox.ebay.com/Samsung-Galaxy-S5-Black-16GB-T-Mobile-/110189499838"], "Title": ["Samsung Galaxy S5, Black 16GB (T-Mobile)"], "Price": "614.66", "Shipping": "0.0", "Make an Offer?": false, "Current Bid": ""},
{"keyword": "samsung", "Individual Item Links": ["http://cgi.sandbox.ebay.com/Samsung-Galaxy-GS7-Edge-Silver-32GB-Verizon-Wireless-/110188148381"], "Title": ["Samsung Galaxy GS7 Edge, Silver 32GB (Verizon Wireless)"], "Price": "813.89", "Shipping": "0.0", "Make an Offer?": false, "Current Bid": ""},
{"keyword": "samsung", "Individual Item Links": ["http://cgi.sandbox.ebay.com/Samsung-TWSAS120VCP-3-Galaxy-J1-Luna-4G-LTE-Total-Wireless-Prepaid-Smartphone-/110211480020"], "Title": ["Samsung TWSAS120VCP-3 Galaxy J1 Luna 4G LTE Total Wireless Prepaid Smartphone"], "Price": "34.0", "Shipping": "0.0", "Make an Offer?": false, "Current Bid": ""},
{"keyword": "samsung", "Individual Item Links": ["http://cgi.sandbox.ebay.com/Original-Unlocked-Samsung-Galaxy-S7-4G-LTE-4GB-RAM-32GB-ROM-Octa-Core-Cell-phone-/110250190324?var=410087966134"], "Title": ["Original Unlocked Samsung Galaxy S7 4G LTE 4GB RAM 32GB ROM Octa Core Cell phone"], "Price": "275.98", "Shipping": "0.0", "Make an Offer?": false, "Current Bid": ""},
{"keyword": "samsung", "Individual Item Links": ["http://cgi.sandbox.ebay.com/Samsung-Galaxy-S3-GT-I9300-Unlocked-16GB-Android-Smartphone-Touchscreen-2Colors-/110232073855?var=0"], "Title": ["Samsung Galaxy S3 GT-I9300 Unlocked 16GB Android Smartphone Touchscreen 2Colors"], "Price": "129.0", "Shipping": "0.0", "Make an Offer?": false, "Current Bid": ""},
{"keyword": "samsung", "Individual Item Links": ["http://cgi.sandbox.ebay.com/Samsung-Galaxy-S3-GT-I9300-Unlocked-16GB-Android-Smartphone-Touchscreen-2Colors-/110232073855?var=410087184183"], "Title": ["Samsung Galaxy S3 GT-I9300 Unlocked 16GB Android Smartphone Touchscreen 2Colors"], "Price": "129.0", "Shipping": "0.0", "Make an Offer?": false, "Current Bid": ""},
{"keyword": "samsung", "Individual Item Links": ["http://cgi.sandbox.ebay.com/Samsung-Galaxy-S3-GT-I9300-Unlocked-16GB-Android-Smartphone-Touchscreen-2Colors-/110232073855?var=410087184184"], "Title": ["Samsung Galaxy S3 GT-I9300 Unlocked 16GB Android Smartphone Touchscreen 2Colors"], "Price": "129.0", "Shipping": "0.0", "Make an Offer?": false, "Current Bid": ""},
{"keyword": "samsung", "Individual Item Links": ["http://cgi.sandbox.ebay.com/Original-Samsung-Galaxy-A5-Dual-Sim-A5000-Unlocked-Phone-4G-Quad-core-16GB-ROM-/110234517317?var=0"], "Title": ["Original Samsung Galaxy A5 Dual Sim A5000 Unlocked Phone 4G Quad core 16GB ROM"], "Price": "132.99", "Shipping": "0.0", "Make an Offer?": false, "Current Bid": ""},
{"keyword": "samsung", "Individual Item Links": ["http://cgi.sandbox.ebay.com/Original-Samsung-Galaxy-A5-Dual-Sim-A5000-Unlocked-Phone-4G-Quad-core-16GB-ROM-/110234517317?var=410087272000"], "Title": ["Original Samsung Galaxy A5 Dual Sim A5000 Unlocked Phone 4G Quad core 16GB ROM"], "Price": "132.99", "Shipping": "0.0", "Make an Offer?": false, "Current Bid": ""},
{"keyword": "samsung", "Individual Item Links": ["http://cgi.sandbox.ebay.com/Original-Samsung-Galaxy-A5-Dual-Sim-A5000-Unlocked-Phone-4G-Quad-core-16GB-ROM-/110234517317?var=410087272001"], "Title": ["Original Samsung Galaxy A5 Dual Sim A5000 Unlocked Phone 4G Quad core 16GB ROM"], "Price": "132.99", "Shipping": "0.0", "Make an Offer?": false, "Current Bid": ""},
{"keyword": "samsung", "Individual Item Links": ["http://cgi.sandbox.ebay.com/Original-Samsung-Galaxy-A5-Dual-Sim-A5000-Unlocked-Phone-4G-Quad-core-16GB-ROM-/110234517317?var=410087272002"], "Title": ["Original Samsung Galaxy A5 Dual Sim A5000 Unlocked Phone 4G Quad core 16GB ROM"], "Price": "132.99", "Shipping": "0.0", "Make an Offer?": false, "Current Bid": ""},
{"keyword": "samsung", "Individual Item Links": ["http://cgi.sandbox.ebay.com/Samsung-Galaxy-S4-GT-I9505-16GB-13MP-4G-T-mobile-AT-T-Touchscreen-Smart-Phone-/110218074844?var=410085615422"], "Title": ["Samsung Galaxy S4 GT-I9505 16GB 13MP 4G T-mobile & AT&T Touchscreen Smart Phone"], "Price": "140.0", "Shipping": "0.0", "Make an Offer?": false, "Current Bid": ""},
{"keyword": "samsung", "Individual Item Links": ["http://cgi.sandbox.ebay.com/Samsung-Galaxy-S4-GT-I9505-16GB-13MP-4G-T-mobile-AT-T-Touchscreen-Smart-Phone-/110218074844?var=410085615423"], "Title": ["Samsung Galaxy S4 GT-I9505 16GB 13MP 4G T-mobile & AT&T Touchscreen Smart Phone"], "Price": "140.0", "Shipping": "0.0", "Make an Offer?": false, "Current Bid": ""},
{"keyword": "samsung", "Individual Item Links": ["http://cgi.sandbox.ebay.com/Samsung-Galaxy-S4-GT-I9505-16GB-13MP-4G-T-mobile-AT-T-Touchscreen-Smart-Phone-/110218074844?var=0"], "Title": ["Samsung Galaxy S4 GT-I9505 16GB 13MP 4G T-mobile & AT&T Touchscreen Smart Phone"], "Price": "140.0", "Shipping": "0.0", "Make an Offer?": false, "Current Bid": ""},
{"keyword": "samsung", "Individual Item Links": ["http://cgi.sandbox.ebay.com/Samsung-Galaxy-S6-edge-Original-Unlocked-4G-LTE-GSM-Smartphone-G925A-AT-T-/110230471328?var=410087061151"], "Title": ["Samsung Galaxy S6 edge Original Unlocked 4G LTE GSM Smartphone G925A AT&T"], "Price": "265.98", "Shipping": "0.0", "Make an Offer?": false, "Current Bid": ""},
{"keyword": "samsung", "Individual Item Links": ["http://cgi.sandbox.ebay.com/Samsung-Galaxy-Xcover3-SM-G389F-Android-4G-LTE-4-5-Smartphone-Waterproof-Black-/110222145579"], "Title": ["Samsung Galaxy Xcover3 SM G389F Android 4G LTE 4.5\" Smartphone Waterproof  Black"], "Price": "127.99", "Shipping": "0.0", "Make an Offer?": false, "Current Bid": ""},
{"keyword": "samsung", "Individual Item Links": ["http://cgi.sandbox.ebay.com/Unlocked-Samsung-Galaxy-S-Duos-S7562-GSM-Black-White-Touchscreen-Phone-T-mobile-/110221662598?var=410085879251"], "Title": ["Unlocked Samsung Galaxy S Duos S7562 GSM Black &White Touchscreen Phone T-mobile"], "Price": "69.99", "Shipping": "0.0", "Make an Offer?": false, "Current Bid": ""},
{"keyword": "samsung", "Individual Item Links": ["http://cgi.sandbox.ebay.com/Samsung-SPH-L710RWBSPR-Galaxy-S3-16GB-White-LTE-Cellular-Sprint-/110211409155"], "Title": ["Samsung SPH-L710RWBSPR Galaxy S3 16GB White LTE Cellular Sprint"], "Price": "79.89", "Shipping": "0.0", "Make an Offer?": false, "Current Bid": ""},
{"keyword": "samsung", "Individual Item Links": ["http://cgi.sandbox.ebay.com/Samsung-Galaxy-Stellar-SCH-i200-4GB-Black-Verizon-Smartphone-/110198760918"], "Title": ["Samsung Galaxy Stellar SCH-i200 - 4GB - Black (Verizon) Smartphone"], "Price": "187.5", "Shipping": "0.0", "Make an Offer?": false, "Current Bid": ""},
{"keyword": "samsung", "Individual Item Links": ["http://cgi.sandbox.ebay.com/Samsung-6355A-Galaxy-S7-edge-32GB-Black-Onyx-AT-T-/110215129926"], "Title": ["Samsung 6355A Galaxy S7 edge 32GB - Black Onyx (AT&T)"], "Price": "342.79", "Shipping": "0.0", "Make an Offer?": false, "Current Bid": ""},
{"keyword": "samsung", "Individual Item Links": ["http://cgi.sandbox.ebay.com/Samsung-STSAG930VCPWP-Galaxy-S7-LTE-Straight-Talk-Prepaid-Smartphone-/110215114147"], "Title": ["Samsung STSAG930VCPWP Galaxy S7 LTE Straight Talk Prepaid Smartphone"], "Price": "290.54", "Shipping": "0.0", "Make an Offer?": false, "Current Bid": ""},
{"keyword": "samsung", "Individual Item Links": ["http://cgi.sandbox.ebay.com/Samsung-Galaxy-Core-Prime-8GB-White-Smartphone-WM-Family-Mobile-/110215113527"], "Title": ["Samsung Galaxy Core Prime 8GB White Smartphone WM Family Mobile"], "Price": "62.31", "Shipping": "0.0", "Make an Offer?": false, "Current Bid": ""},
{"keyword": "samsung", "Individual Item Links": ["http://cgi.sandbox.ebay.com/Samsung-Galaxy-S6-edge-Original-Unlocked-4G-LTE-GSM-Smartphone-G925A-AT-T-/110230476744?var=410087061304"], "Title": ["Samsung Galaxy S6 edge Original Unlocked 4G LTE GSM Smartphone G925A AT&T"], "Price": "265.98", "Shipping": "0.0", "Make an Offer?": false, "Current Bid": ""},
{"keyword": "samsung", "Individual Item Links": ["http://cgi.sandbox.ebay.com/Samsung-Galaxy-on7-G6000-Unlocked-4G-LTE-Quad-core-Dual-Sim-5-5-cell-Phone-/110249286201?var=410087879788"], "Title": ["Samsung Galaxy on7 G6000 Unlocked 4G LTE Quad core Dual Sim 5.5 \" cell Phone"], "Price": "94.99", "Shipping": "0.0", "Make an Offer?": false, "Current Bid": ""},
{"keyword": "samsung", "Individual Item Links": ["http://cgi.sandbox.ebay.com/New-Unlocked-Samsung-Galaxy-S6-SM-G920A-32GB-Black-Sapphire-Smartphone-/110231262839"], "Title": ["New Unlocked Samsung Galaxy S6 SM-G920A - 32GB - Black Sapphire Smartphone"], "Price": "275.0", "Shipping": "0.0", "Make an Offer?": false, "Current Bid": ""},
{"keyword": "samsung", "Individual Item Links": ["http://cgi.sandbox.ebay.com/Samsung-Galaxy-Grand-Prime-SM-G530A-8GB-8MP-4G-5-AT-T-T-Mobile-smartphone-white-/110221356347"], "Title": ["Samsung Galaxy Grand Prime SM-G530A 8GB 8MP 4G 5\" AT&T&T-Mobile smartphone white"], "Price": "115.0", "Shipping": "0.0", "Make an Offer?": false, "Current Bid": ""},
{"keyword": "samsung", "Individual Item Links": ["http://cgi.sandbox.ebay.com/Original-Samsung-Galaxy-Xcover-3-G388F-4-5-5MP-8GB-4G-LTE-Smartphone-Unlocked-/110217879086"], "Title": ["Original Samsung Galaxy Xcover 3 G388F 4.5 \" 5MP 8GB 4G LTE Smartphone Unlocked "], "Price": "128.0", "Shipping": "0.0", "Make an Offer?": false, "Current Bid": ""},
{"keyword": "samsung", "Individual Item Links": ["http://cgi.sandbox.ebay.com/Original-Samsung-Galaxy-Xcover-3-G388F-4-5-5MP-8GB-4G-LTE-Smartphone-Unlocked-/110217879200"], "Title": ["Original Samsung Galaxy Xcover 3 G388F 4.5 \" 5MP 8GB 4G LTE Smartphone Unlocked "], "Price": "128.0", "Shipping": "0.0", "Make an Offer?": false, "Current Bid": ""},
{"keyword": "samsung", "Individual Item Links": ["http://cgi.sandbox.ebay.com/Samsung-Grand-Prime-SM-G530H-8GB-8-0MP-5-WIFI-3G-Dual-SIM-Smartphone-Unlocked-/110231404075?var=0"], "Title": ["Samsung Grand Prime SM-G530H 8GB 8.0MP 5\" WIFI 3G Dual SIM Smartphone Unlocked "], "Price": "107.99", "Shipping": "0.0", "Make an Offer?": false, "Current Bid": ""},
{"keyword": "samsung", "Individual Item Links": ["http://cgi.sandbox.ebay.com/Samsung-Galaxy-S3-i9300-16GB-4-8-8-0MP-T-mobile-AT-T-unlocked-Android-phone-/110217936901?var=410085613369"], "Title": ["Samsung Galaxy S3 i9300 16GB 4.8\" 8.0MP T-mobile & AT&T unlocked Android phone"], "Price": "99.0", "Shipping": "0.0", "Make an Offer?": false, "Current Bid": ""},
{"keyword": "samsung", "Individual Item Links": ["http://cgi.sandbox.ebay.com/Original-Samsung-Galaxy-S4-GT-I9500-16GB-13MP-2GB-Unlocked-Android-Smartphone-/110217921070?var=410085612052"], "Title": ["Original Samsung Galaxy S4 GT-I9500 16GB 13MP 2GB Unlocked Android Smartphone "], "Price": "125.0", "Shipping": "0.0", "Make an Offer?": false, "Current Bid": ""},
{"keyword": "samsung", "Individual Item Links": ["http://cgi.sandbox.ebay.com/Original-Samsung-Galaxy-S4-GT-I9500-16GB-13MP-2GB-Unlocked-Android-Smartphone-/110217921070?var=410085612053"], "Title": ["Original Samsung Galaxy S4 GT-I9500 16GB 13MP 2GB Unlocked Android Smartphone "], "Price": "125.0", "Shipping": "0.0", "Make an Offer?": false, "Current Bid": ""},
{"keyword": "samsung", "Individual Item Links": ["http://cgi.sandbox.ebay.com/Samsung-Galaxy-S3-SGH-I747-Blue-AT-T-Unlocked-Android-Smart-Phone-Blue-White-/110218115900?var=0"], "Title": ["Samsung Galaxy S3 SGH-I747 Blue AT\uff06T Unlocked Android Smart Phone Blue & White"], "Price": "116.0", "Shipping": "0.0", "Make an Offer?": false, "Current Bid": ""},
{"keyword": "samsung", "Individual Item Links": ["http://cgi.sandbox.ebay.com/Samsung-Galaxy-S3-SGH-I747-Blue-AT-T-Unlocked-Android-Smart-Phone-Blue-White-/110218115900?var=410085619430"], "Title": ["Samsung Galaxy S3 SGH-I747 Blue AT\uff06T Unlocked Android Smart Phone Blue & White"], "Price": "116.0", "Shipping": "0.0", "Make an Offer?": false, "Current Bid": ""},
{"keyword": "samsung", "Individual Item Links": ["http://cgi.sandbox.ebay.com/Original-Samsung-Galaxy-S4-GT-I9500-16GB-13MP-2GB-Unlocked-Android-Smartphone-/110217921070?var=0"], "Title": ["Original Samsung Galaxy S4 GT-I9500 16GB 13MP 2GB Unlocked Android Smartphone "], "Price": "125.0", "Shipping": "0.0", "Make an Offer?": false, "Current Bid": ""},
{"keyword": "samsung", "Individual Item Links": ["http://cgi.sandbox.ebay.com/Samsung-Galaxy-S6-Original-Unlocked-GSM-4G-LTE-Android-Mobile-Phone-G920P-Sprint-/110230470072?var=410087059818"], "Title": ["Samsung Galaxy S6 Original Unlocked GSM 4G LTE Android Mobile Phone G920P Sprint"], "Price": "191.98", "Shipping": "0.0", "Make an Offer?": false, "Current Bid": ""},
{"keyword": "samsung", "Individual Item Links": ["http://cgi.sandbox.ebay.com/Samsung-Galaxy-S3-i9300-16GB-4-8-8-0MP-T-mobile-AT-T-unlocked-Android-phone-/110217936901?var=0"], "Title": ["Samsung Galaxy S3 i9300 16GB 4.8\" 8.0MP T-mobile & AT&T unlocked Android phone"], "Price": "99.0", "Shipping": "0.0", "Make an Offer?": false, "Current Bid": ""},
{"keyword": "samsung", "Individual Item Links": ["http://cgi.sandbox.ebay.com/Samsung-Galaxy-S3-i9300-16GB-4-8-8-0MP-T-mobile-AT-T-unlocked-Android-phone-/110217936901?var=410085613370"], "Title": ["Samsung Galaxy S3 i9300 16GB 4.8\" 8.0MP T-mobile & AT&T unlocked Android phone"], "Price": "99.0", "Shipping": "0.0", "Make an Offer?": false, "Current Bid": ""},
{"keyword": "samsung", "Individual Item Links": ["http://cgi.sandbox.ebay.com/Samsung-Galaxy-S8-SM-G950U-64GB-Midnight-Black-T-Mobile-Smartphone-/110210146792"], "Title": ["Samsung Galaxy S8 SM-G950U - 64GB - Midnight Black (T-Mobile) Smartphone"], "Price": "899.99", "Shipping": "16.29", "Make an Offer?": false, "Current Bid": ""}
]